<?xml version="1.0" encoding="UTF-8"?>

<mule xmlns:wsc="http://www.mulesoft.org/schema/mule/wsc" xmlns:ee="http://www.mulesoft.org/schema/mule/ee/core"
	xmlns:http="http://www.mulesoft.org/schema/mule/http"
	xmlns="http://www.mulesoft.org/schema/mule/core" xmlns:doc="http://www.mulesoft.org/schema/mule/documentation" xmlns:xsi="http://www.w3.org/2001/XMLSchema-instance" xsi:schemaLocation="http://www.mulesoft.org/schema/mule/core http://www.mulesoft.org/schema/mule/core/current/mule.xsd
http://www.mulesoft.org/schema/mule/http http://www.mulesoft.org/schema/mule/http/current/mule-http.xsd
http://www.mulesoft.org/schema/mule/ee/core http://www.mulesoft.org/schema/mule/ee/core/current/mule-ee.xsd
http://www.mulesoft.org/schema/mule/wsc http://www.mulesoft.org/schema/mule/wsc/current/mule-wsc.xsd">
	<http:listener-config name="HTTP_Listener_config" doc:name="HTTP Listener config" doc:id="773f0696-16f7-41a7-8f98-a1ed54f3ba8a" >
		<http:listener-connection host="0.0.0.0" port="8081" />
	</http:listener-config>
	<flow name="ws-cons-soapFlow" doc:id="9fa0106d-9a24-4605-9876-95ff4a85b583" >
		<http:listener doc:name="Listener" doc:id="a7b33a59-4d68-41ec-8545-6015a4e6da7f" config-ref="HTTP_Listener_config" path="/convert"/>
		<set-variable value="" doc:name="Set Variable" doc:id="16737d90-9506-4604-9330-f6ec2ca63689" />
		<ee:transform doc:name="Transform Message" doc:id="f9c8fe79-4c74-4cc6-8064-0fb1d963191f" >
			<ee:message >
				<ee:set-payload ><![CDATA[%dw 2.0
output application/java
---
{
}]]></ee:set-payload>
			</ee:message>
		</ee:transform>
		<wsc:consume operation="" doc:name="Consume" doc:id="a44e0045-0c53-4bd3-927d-213e0bb4f3ed" />
		<logger level="INFO" doc:name="Logger" doc:id="e8ef3f2a-9834-415a-a39e-ffe9b89e35a9" />
		<ee:transform doc:name="Transform Message" doc:id="fee2611d-2b14-4683-930b-26b1df85ab4b" >
			<ee:message >
				<ee:set-payload ><![CDATA[%dw 2.0
output application/java
---
{
}]]></ee:set-payload>
			</ee:message>
		</ee:transform>
	</flow>
</mule>
