<?xml version='1.0' encoding='UTF-8'?>
<types:mule xmlns:types="http://www.mulesoft.org/schema/mule/types">
  <types:catalog>
    <types:type name="auto_c8d2cbf8-5b1c-4e83-865d-31efcf7d12ff_Input-Variables-v_test" format="java">
      <types:shape format="raml" autogeneratedOrigin="695f85a6-94be-4067-aa94-1efd631410a3"><![CDATA[#%RAML 1.0 DataType
type: string]]></types:shape>
    </types:type>
    <types:type name="auto_c8d2cbf8-5b1c-4e83-865d-31efcf7d12ff_Output-Variables-v_test" format="java">
      <types:shape format="weave" example="weave/autogenerated/c8d2cbf8-5b1c-4e83-865d-31efcf7d12ff/test.wev" autogeneratedOrigin="695f85a6-94be-4067-aa94-1efd631410a3"><![CDATA[%dw 2.0

type auto_c8d2cbf8_5b1c_4e83_865d_31efcf7d12ff_Output_Variables_v_test = Any

]]></types:shape>
    </types:type>
    <types:type name="auto_c8d2cbf8-5b1c-4e83-865d-31efcf7d12ff_Input-Attributes" format="java">
      <types:shape format="weave" example="weave/autogenerated/c8d2cbf8-5b1c-4e83-865d-31efcf7d12ff/Input-Attributes.wev" autogeneratedOrigin="695f85a6-94be-4067-aa94-1efd631410a3"><![CDATA[%dw 2.0

type auto_c8d2cbf8_5b1c_4e83_865d_31efcf7d12ff_Input_Attributes = {|
  listenerPath: String, 
  rawRequestPath: String, 
  relativePath: String, 
  maskedRequestPath: String, 
  version: String, 
  scheme: String, 
  method: String, 
  requestUri: String, 
  rawRequestUri: String, 
  queryString: String, 
  localAddress: String, 
  remoteAddress: String, 
  clientCertificate?: java_security_cert_Certificate, 
  queryParams: { _?: String }, 
  uriParams: { _?: String }, 
  requestPath: String, 
  headers: { _?: String }
|} {"typeAlias": "HttpRequestAttributes",
"typeId": "org.mule.extension.http.api.HttpRequestAttributes"}
type java_security_cert_Certificate = {|
  encoded?: Binary, 
  publicKey?: java_security_PublicKey, 
  "type"?: String
|} {"typeAlias": "Certificate",
"typeId": "java.security.cert.Certificate"}
type java_security_PublicKey = {|  |} {"typeAlias": "PublicKey",
"typeId": "java.security.PublicKey"}





]]></types:shape>
    </types:type>
    <types:type name="auto_c8d2cbf8-5b1c-4e83-865d-31efcf7d12ff_Input-Payload" format="java">
      <types:shape format="weave" example="weave/autogenerated/c8d2cbf8-5b1c-4e83-865d-31efcf7d12ff/Input-Payload.wev" autogeneratedOrigin="695f85a6-94be-4067-aa94-1efd631410a3"><![CDATA[%dw 2.0

type auto_c8d2cbf8_5b1c_4e83_865d_31efcf7d12ff_Input_Payload = Any

]]></types:shape>
    </types:type>
    <types:type name="auto_c8d2cbf8-5b1c-4e83-865d-31efcf7d12ff_Output-Payload" format="java">
      <types:shape format="weave" example="weave/autogenerated/c8d2cbf8-5b1c-4e83-865d-31efcf7d12ff/Output-Payload.wev" autogeneratedOrigin="695f85a6-94be-4067-aa94-1efd631410a3"><![CDATA[%dw 2.0

type auto_c8d2cbf8_5b1c_4e83_865d_31efcf7d12ff_Output_Payload = Any

]]></types:shape>
    </types:type>
    <types:type name="auto_c8d2cbf8-5b1c-4e83-865d-31efcf7d12ff_Output-Attributes" format="java">
      <types:shape format="weave" example="weave/autogenerated/c8d2cbf8-5b1c-4e83-865d-31efcf7d12ff/Output-Attributes.wev" autogeneratedOrigin="695f85a6-94be-4067-aa94-1efd631410a3"><![CDATA[%dw 2.0

type auto_c8d2cbf8_5b1c_4e83_865d_31efcf7d12ff_Output_Attributes = {|
  listenerPath: String, 
  rawRequestPath: String, 
  relativePath: String, 
  maskedRequestPath: String, 
  version: String, 
  scheme: String, 
  method: String, 
  requestUri: String, 
  rawRequestUri: String, 
  queryString: String, 
  localAddress: String, 
  remoteAddress: String, 
  clientCertificate?: java_security_cert_Certificate, 
  queryParams: { _?: String }, 
  uriParams: { _?: String }, 
  requestPath: String, 
  headers: { _?: String }
|} {"typeAlias": "HttpRequestAttributes",
"typeId": "org.mule.extension.http.api.HttpRequestAttributes"}
type java_security_cert_Certificate = {|
  encoded?: Binary, 
  publicKey?: java_security_PublicKey, 
  "type"?: String
|} {"typeAlias": "Certificate",
"typeId": "java.security.cert.Certificate"}
type java_security_PublicKey = {|  |} {"typeAlias": "PublicKey",
"typeId": "java.security.PublicKey"}





]]></types:shape>
    </types:type>
  </types:catalog>
  <types:enrichment select="#c8d2cbf8-5b1c-4e83-865d-31efcf7d12ff">
    <types:processor-declaration>
      <types:input-event>
        <types:message>
          <types:payload type="auto_c8d2cbf8-5b1c-4e83-865d-31efcf7d12ff_Input-Payload"/>
          <types:attributes type="auto_c8d2cbf8-5b1c-4e83-865d-31efcf7d12ff_Input-Attributes"/>
        </types:message>
        <types:variables>
          <types:variable name="v_test" type="auto_c8d2cbf8-5b1c-4e83-865d-31efcf7d12ff_Input-Variables-v_test"/>
        </types:variables>
      </types:input-event>
      <types:output-event>
        <types:message>
          <types:payload type="auto_c8d2cbf8-5b1c-4e83-865d-31efcf7d12ff_Output-Payload"/>
          <types:attributes type="auto_c8d2cbf8-5b1c-4e83-865d-31efcf7d12ff_Output-Attributes"/>
        </types:message>
        <types:variables>
          <types:variable name="v_test" type="auto_c8d2cbf8-5b1c-4e83-865d-31efcf7d12ff_Output-Variables-v_test"/>
        </types:variables>
      </types:output-event>
    </types:processor-declaration>
  </types:enrichment>
</types:mule>