<?xml version="1.0" encoding="UTF-8"?>

<mule xmlns:vm="http://www.mulesoft.org/schema/mule/vm" xmlns:http="http://www.mulesoft.org/schema/mule/http"
	xmlns="http://www.mulesoft.org/schema/mule/core"
	xmlns:doc="http://www.mulesoft.org/schema/mule/documentation" xmlns:xsi="http://www.w3.org/2001/XMLSchema-instance" xsi:schemaLocation="http://www.mulesoft.org/schema/mule/core http://www.mulesoft.org/schema/mule/core/current/mule.xsd
http://www.mulesoft.org/schema/mule/http http://www.mulesoft.org/schema/mule/http/current/mule-http.xsd
http://www.mulesoft.org/schema/mule/vm http://www.mulesoft.org/schema/mule/vm/current/mule-vm.xsd">
	<http:listener-config name="HTTP_Listener_config" doc:name="HTTP Listener config" doc:id="ba3af3e7-13ed-4ca6-b6b0-e6e2ff235a44" >
		<http:listener-connection host="localhost" port="8082" />
	</http:listener-config>
	<vm:config name="VM_Config" doc:name="VM Config" doc:id="abc0e8f4-df2a-4d0c-8808-e9748375bc35" sendCorrelationId="ALWAYS" >
		<vm:queues >
			<vm:queue queueName="test_queue" />
		</vm:queues>
	</vm:config>
	<flow name="scopeanalysisFlow" doc:id="7fa6d312-31c2-4d97-b274-b7de36d2520a" >
		<http:listener doc:name="Listener" doc:id="5ecf404e-f5b1-4ad4-a9b6-10db5da86ea7" config-ref="HTTP_Listener_config" path="/testscope"/>
		<set-variable value="# attribute.queryParams.id" doc:name="Set Variable" doc:id="35cba23a-894b-4b26-990a-00dc75edd430" variableName='v_test'/>
		<logger level="INFO" doc:name="Logger" doc:id="9a3d70ed-1a6e-4841-8708-5af338caffca" message='#["Variable value in Main Flow:" ++ vars.v_test as String]]'/>
		<flow-ref doc:name="Flow Reference" doc:id="695f85a6-94be-4067-aa94-1efd631410a3" name="scopeanalysisSub_Flow"/>
		<logger level="INFO" doc:name="Logger" doc:id="2e6c25b9-3b89-4f54-81ee-1b9117228454" message='#["Variable value in Main Flow after calling sub flow: " ++ vars.v_test]'/>
		<vm:publish-consume queueName="test_queue" doc:name="Publish consume" doc:id="bf00dce6-f303-48db-9860-d08b0ec4e33b" config-ref="VM_Config"/>
		<logger level="INFO" doc:name="Logger" doc:id="c409ce3f-3e0e-49f8-887c-24a85254331e" message='#["Variable value in Main Flow after calling VM flow:" ++ vars.v_test ]'/>
	</flow>
	<sub-flow name="scopeanalysisSub_Flow" doc:id="c8d2cbf8-5b1c-4e83-865d-31efcf7d12ff" >
		<set-variable value="#[attributes.queryParams.id]" doc:name="Set Variable" doc:id="df3de3e6-2e73-4072-9701-ba63c929a6de" variableName="v_test"/>
		<logger level="INFO" doc:name="Logger" doc:id="e7e9e56d-71ff-4274-b751-47207e06de41" message='["Variable value in Main Flow:" ++ vars.v_test]'/>
	</sub-flow>
	<flow name="scopeanalysisFlow1" doc:id="34c5612f-5d06-4904-9da2-89fb829a81d2" >
		<vm:listener doc:name="Listener" doc:id="d38cad4d-0c0a-4988-8be7-5b262935a0df" config-ref="VM_Config" queueName="test_queue"/>
		<set-variable value="212" doc:name="Set Variable" doc:id="7b2f4831-bc5a-489f-bb78-8cc772a4e0a1" variableName="v_test"/>
		<logger level="INFO" doc:name="Logger" doc:id="795e69aa-4b7c-4edc-a0cb-36948a4d7094" message='#["Variable value in VM Listener Flow:" ++ vars.v_test as String]]'/>
	</flow>
</mule>
